state-label,state-value,city-label,city-value,station-label,station-value
Andaman and Nicobar,Andaman and Nicobar,Sri Vijaya Puram,Sri Vijaya Puram,"Police Line, Sri Vijaya Puram - ANPCC",site_6010
Andhra Pradesh,Andhra Pradesh,Amaravati,Amaravati,"Secretariat, Amaravati - APPCB",site_1406
Andhra Pradesh,Andhra Pradesh,Anantapur,Anantapur,"Gulzarpet, Anantapur - APPCB",site_5632
Andhra Pradesh,Andhra Pradesh,Chittoor,Chittoor,"Gangineni Cheruvu, Chittoor - APPCB",site_5665
Andhra Pradesh,Andhra Pradesh,Kadapa,Kadapa,"Yerramukkapalli, Kadapa - APPCB",site_5693
Andhra Pradesh,Andhra Pradesh,Rajamahendravaram,Rajamahendravaram,"Anand Kala Kshetram, Rajamahendravaram - APPCB",site_1399
Andhra Pradesh,Andhra Pradesh,Tirumala,Tirumala,"Toll Gate, Tirumala - APPCB (Formerly known as Tirumala, Tirupati - APPCB)",site_258
Andhra Pradesh,Andhra Pradesh,Tirupati,Tirupati,"Vaikuntapuram, Tirupati - APPCB",site_5666
Andhra Pradesh,Andhra Pradesh,Vijayawada,Vijayawada,"Rajiv Gandhi Park, Vijayawada - APPCB",site_5849
Andhra Pradesh,Andhra Pradesh,Vijayawada,Vijayawada,"Kanuru, Vijayawada - APPCB",site_5685
Andhra Pradesh,Andhra Pradesh,Vijayawada,Vijayawada,"PWD Grounds, Vijayawada - APPCB",site_257
Andhra Pradesh,Andhra Pradesh,Vijayawada,Vijayawada,"Rajiv Nagar, Vijayawada - APPCB",site_5981
Andhra Pradesh,Andhra Pradesh,Vijayawada,Vijayawada,"HB Colony, Vijayawada - APPCB",site_5848
Andhra Pradesh,Andhra Pradesh,Visakhapatnam,Visakhapatnam,"GVM Corporation, Visakhapatnam - APPCB",site_260
Arunachal Pradesh,Arunachal Pradesh,Naharlagun,Naharlagun,"Naharlagun, Naharlagun - APSPCB",site_5446
Assam,Assam,Byrnihat,Byrnihat,"Central Academy for SFS, Byrnihat - PCBA",site_5669
Assam,Assam,Guwahati,Guwahati,"IITG, Guwahati - PCBA",site_5651
Assam,Assam,Guwahati,Guwahati,"LGBI Airport, Guwahati - PCBA",site_5683
Assam,Assam,Guwahati,Guwahati,"Pan Bazaar, Guwahati - PCBA",site_5417
Assam,Assam,Guwahati,Guwahati,"Railway Colony, Guwahati - PCBA",site_5073
Assam,Assam,Nagaon,Nagaon,"Christianpatty, Nagaon - PCBA",site_5706
Assam,Assam,Nalbari,Nalbari,"Bata Chowk, Nalbari - PCBA",site_5668
Assam,Assam,Silchar,Silchar,"Tarapur, Silchar - PCBA",site_5684
Assam,Assam,Sivasagar,Sivasagar,"Girls College, Sivasagar - PCBA",site_5658
Bihar,Bihar,Araria,Araria,"Kharahiya Basti, Araria - BSPCB",site_5539
Bihar,Bihar,Arrah,Arrah,"New DM Office, Arrah - BSPCB",site_5538
Bihar,Bihar,Aurangabad,Aurangabad,"MIDC Chilkalthana, Aurangabad - MPCB",site_5788
Bihar,Bihar,Aurangabad,Aurangabad,"More Chowk Waluj, Aurangabad - MPCB",site_198
Bihar,Bihar,Aurangabad,Aurangabad,"Gurdeo Nagar, Aurangabad - BSPCB",site_5544
Bihar,Bihar,Aurangabad,Aurangabad,"Rachnakar Colony, Aurangabad - MPCB",site_5789
Bihar,Bihar,Begusarai,Begusarai,"Lohiyanagar, Begusarai - BSPCB",site_5540
Bihar,Bihar,Bettiah,Bettiah,"Kamalnath Nagar, Bettiah - BSPCB",site_5476
Bihar,Bihar,Bhagalpur,Bhagalpur,"Mayaganj, Bhagalpur - BSPCB",site_5541
Bihar,Bihar,Bhagalpur,Bhagalpur,"DM Office_Kachari Chowk, Bhagalpur - BSPCB",site_5543
Bihar,Bihar,Bihar Sharif,Bihar Sharif,"D M Colony, Bihar Sharif - BSPCB",site_5481
Bihar,Bihar,Buxar,Buxar,"Charitra Van, Buxar - BSPCB",site_5542
Bihar,Bihar,Chhapra,Chhapra,"Darshan Nagar, Chhapra - BSPCB",site_5545
Bihar,Bihar,Darbhanga,Darbhanga,"Town Hall - Lal Bagh, Darbhanga - BSPCB",site_5477
Bihar,Bihar,Gaya,Gaya,"Kareemganj, Gaya - BSPCB",site_5548
Bihar,Bihar,Gaya,Gaya,"SFTI Kusdihra, Gaya - BSPCB",site_5338
Bihar,Bihar,Gaya,Gaya,"Collectorate, Gaya - BSPCB",site_159
Bihar,Bihar,Hajipur,Hajipur,"Industrial Area, Hajipur - BSPCB",site_5337
Bihar,Bihar,Katihar,Katihar,"Mirchaibari, Katihar - BSPCB",site_5546
Bihar,Bihar,Kishanganj,Kishanganj,"SDM Office_Khagra, Kishanganj - BSPCB",site_5547
Bihar,Bihar,Manguraha,Manguraha,"Forest Rest House, Manguraha - BSPCB",site_5550
Bihar,Bihar,Motihari,Motihari,"Gandak Colony, Motihari - BSPCB",site_5478
Bihar,Bihar,Munger,Munger,"Town Hall, Munger - BSPCB",site_5490
Bihar,Bihar,Muzaffarpur,Muzaffarpur,"Muzaffarpur Collectorate, Muzaffarpur - BSPCB",site_158
Bihar,Bihar,Muzaffarpur,Muzaffarpur,"Buddha Colony, Muzaffarpur - BSPCB",site_5370
Bihar,Bihar,Muzaffarpur,Muzaffarpur,"MIT-Daudpur Kothi, Muzaffarpur - BSPCB",site_5479
Bihar,Bihar,Patna,Patna,"Rajbansi Nagar, Patna - BSPCB",site_5262
Bihar,Bihar,Patna,Patna,"Govt. High School Shikarpur, Patna - BSPCB",site_5335
Bihar,Bihar,Patna,Patna,"Muradpur, Patna - BSPCB",site_5261
Bihar,Bihar,Patna,Patna,"IGSC Planetarium Complex, Patna - BSPCB",site_157
Bihar,Bihar,Patna,Patna,"DRM Office Danapur, Patna - BSPCB",site_5336
Bihar,Bihar,Patna,Patna,"Samanpura, Patna - BSPCB",site_5263
Bihar,Bihar,Purnia,Purnia,"Mariam Nagar, Purnia - BSPCB",site_5549
Bihar,Bihar,Rajgir,Rajgir,"Dangi Tola, Rajgir - BSPCB",site_5489
Bihar,Bihar,Saharsa,Saharsa,"Police Line, Saharsa - BSPCB",site_5551
Bihar,Bihar,Samastipur,Samastipur,"DM Office_Kasipur, Samastipur - BSPCB",site_5552
Bihar,Bihar,Sasaram,Sasaram,"Dada Peer, Sasaram - BSPCB",site_5485
Bihar,Bihar,Siwan,Siwan,"Chitragupta Nagar, Siwan - BSPCB",site_5553
Chandigarh,Chandigarh,Chandigarh,Chandigarh,"Sector-53, Chandigarh - CPCC",site_5582
Chandigarh,Chandigarh,Chandigarh,Chandigarh,"Sector-25, Chandigarh - CPCC",site_5127
Chandigarh,Chandigarh,Chandigarh,Chandigarh,"Sector 22, Chandigarh - CPCC",site_5491
Chhattisgarh,Chhattisgarh,Bhilai,Bhilai,"Hathkhoj, Bhilai - CECB",site_5659
Chhattisgarh,Chhattisgarh,Bhilai,Bhilai,"Civic Center, Bhilai - Bhilai Steel Plant",site_5536
Chhattisgarh,Chhattisgarh,Bhilai,Bhilai,"32Bungalows, Bhilai - CECB",site_5660
Chhattisgarh,Chhattisgarh,Bilaspur,Bilaspur,"Mangala, Bilaspur - NTPC",site_5503
Chhattisgarh,Chhattisgarh,Chhal,Chhal,"Nawapara SECL Colony, Chhal - CECB",site_5689
Chhattisgarh,Chhattisgarh,Korba,Korba,"Rampur, Korba - CECB",site_5656
Chhattisgarh,Chhattisgarh,Korba,Korba,"Urja Nagar, Korba - CECB",site_5657
Chhattisgarh,Chhattisgarh,Kunjemura,Kunjemura,"OP Jindal School, Kunjemura - CECB",site_5690
Chhattisgarh,Chhattisgarh,Milupara,Milupara,"Govt. Higher Secondary School, Milupara - CECB",site_5691
Chhattisgarh,Chhattisgarh,Raipur,Raipur,"Krishak Nagar, Raipur - CECB",site_5654
Chhattisgarh,Chhattisgarh,Raipur,Raipur,"AIIMS, Raipur - CECB",site_5652
Chhattisgarh,Chhattisgarh,Raipur,Raipur,"Siltara Phase-II, Raipur - CECB",site_5653
Chhattisgarh,Chhattisgarh,Raipur,Raipur,"Bhatagaon New ISBT, Raipur - CECB",site_5655
Chhattisgarh,Chhattisgarh,Tumidih,Tumidih,"OP Jindal Industrial Park, Tumidih - CECB",site_5692
Delhi,Delhi,Delhi,Delhi,"NSIT Dwarka, Delhi - CPCB",site_115
Delhi,Delhi,Delhi,Delhi,"Mandir Marg, Delhi - DPCC",site_122
Delhi,Delhi,Delhi,Delhi,"Jawaharlal Nehru Stadium, Delhi - DPCC",site_1424
Delhi,Delhi,Delhi,Delhi,"Patparganj, Delhi - DPCC",site_1431
Delhi,Delhi,Delhi,Delhi,"Pusa, Delhi - DPCC",site_1563
Delhi,Delhi,Delhi,Delhi,"Nehru Nagar, Delhi - DPCC",site_1429
Delhi,Delhi,Delhi,Delhi,"Aya Nagar, Delhi - IMD",site_108
Delhi,Delhi,Delhi,Delhi,"CRRI Mathura Road, Delhi - IMD",site_103
Delhi,Delhi,Delhi,Delhi,"ITO, Delhi - CPCB",site_117
Delhi,Delhi,Delhi,Delhi,"Bawana, Delhi - DPCC",site_1560
Delhi,Delhi,Delhi,Delhi,"R K Puram, Delhi - DPCC",site_124
Delhi,Delhi,Delhi,Delhi,"Dr. Karni Singh Shooting Range, Delhi - DPCC",site_1421
Delhi,Delhi,Delhi,Delhi,"Narela, Delhi - DPCC",site_1426
Delhi,Delhi,Delhi,Delhi,"Alipur, Delhi - DPCC",site_5024
Delhi,Delhi,Delhi,Delhi,"North Campus, DU, Delhi - IMD",site_105
Delhi,Delhi,Delhi,Delhi,"DTU, Delhi - CPCB",site_118
Delhi,Delhi,Delhi,Delhi,"Dwarka-Sector 8, Delhi - DPCC ",site_1422
Delhi,Delhi,Delhi,Delhi,"Mundka, Delhi - DPCC",site_1561
Delhi,Delhi,Delhi,Delhi,"Wazirpur, Delhi - DPCC",site_1434
Delhi,Delhi,Delhi,Delhi,"Najafgarh, Delhi - DPCC",site_1427
Delhi,Delhi,Delhi,Delhi,"Punjabi Bagh, Delhi - DPCC",site_125
Delhi,Delhi,Delhi,Delhi,"Shadipur, Delhi - CPCB",site_113
Delhi,Delhi,Delhi,Delhi,"IGI Airport (T3), Delhi - IMD",site_106
Delhi,Delhi,Delhi,Delhi,"Vivek Vihar, Delhi - DPCC",site_1435
Delhi,Delhi,Delhi,Delhi,"Rohini, Delhi - DPCC",site_1430
Delhi,Delhi,Delhi,Delhi,"IHBAS, Dilshad Garden, Delhi - CPCB",site_114
Delhi,Delhi,Delhi,Delhi,"Jahangirpuri, Delhi - DPCC",site_1423
Delhi,Delhi,Delhi,Delhi,"Okhla Phase-2, Delhi - DPCC",site_1428
Delhi,Delhi,Delhi,Delhi,"Sri Aurobindo Marg, Delhi - DPCC",site_1562
Delhi,Delhi,Delhi,Delhi,"Chandni Chowk, Delhi - IITM",site_5393
Delhi,Delhi,Delhi,Delhi,"Pusa, Delhi - IMD",site_107
Delhi,Delhi,Delhi,Delhi,"Sirifort, Delhi - CPCB",site_119
Delhi,Delhi,Delhi,Delhi,"Ashok Vihar, Delhi - DPCC",site_1420
Delhi,Delhi,Delhi,Delhi,"Anand Vihar, Delhi - DPCC",site_301
Delhi,Delhi,Delhi,Delhi,"Major Dhyan Chand National Stadium, Delhi - DPCC",site_1425
Delhi,Delhi,Delhi,Delhi,"Lodhi Road, Delhi - IITM",site_5395
Delhi,Delhi,Delhi,Delhi,"Sonia Vihar, Delhi - DPCC",site_1432
Delhi,Delhi,Delhi,Delhi,"Burari Crossing, Delhi - IMD",site_104
Delhi,Delhi,Delhi,Delhi,"Lodhi Road, Delhi - IMD",site_109
Gujarat,Gujarat,Ahmedabad,Ahmedabad,"Raikhad, Ahmedabad - IITM",site_5452
Gujarat,Gujarat,Ahmedabad,Ahmedabad,"SAC ISRO Bopal, Ahmedabad - IITM",site_5454
Gujarat,Gujarat,Ahmedabad,Ahmedabad,"SAC ISRO Satellite, Ahmedabad - IITM",site_5455
Gujarat,Gujarat,Ahmedabad,Ahmedabad,"Gyaspur, Ahmedabad - IITM",site_5450
Gujarat,Gujarat,Ahmedabad,Ahmedabad,"Maninagar, Ahmedabad - GPCB",site_308
Gujarat,Gujarat,Ahmedabad,Ahmedabad,"Sardar Vallabhbhai Patel Stadium, Ahmedabad - IITM",site_5449
Gujarat,Gujarat,Ahmedabad,Ahmedabad,"SVPI Airport Hansol, Ahmedabad - IITM",site_5456
Gujarat,Gujarat,Ahmedabad,Ahmedabad,"Rakhial, Ahmedabad - IITM",site_5451
Gujarat,Gujarat,Ahmedabad,Ahmedabad,"Chandkheda, Ahmedabad - IITM",site_5453
Gujarat,Gujarat,Ankleshwar,Ankleshwar,"GIDC, Ankleshwar - GPCB",site_5065
Gujarat,Gujarat,Gandhinagar,Gandhinagar,"IIPHG Lekawada, Gandhinagar - IITM",site_5457
Gujarat,Gujarat,Gandhinagar,Gandhinagar,"GIFT City, Gandhinagar - IITM",site_5458
Gujarat,Gujarat,Gandhinagar,Gandhinagar,"Sector-10, Gandhinagar - GPCB",site_5066
Gujarat,Gujarat,Nandesari,Nandesari,"GIDC, Nandesari - Nandesari Ind. Association",site_5274
Gujarat,Gujarat,Surat,Surat,"Science Center, Surat - SMC",site_5664
Gujarat,Gujarat,Vapi,Vapi,"Phase-1 GIDC, Vapi - GPCB",site_5071
Gujarat,Gujarat,Vatva,Vatva,"Phase-4 GIDC, Vatva - GPCB",site_5067
Haryana,Haryana,Ambala,Ambala,"Patti Mehar, Ambala - HSPCB",site_5052
Haryana,Haryana,Bahadurgarh,Bahadurgarh,"Arya Nagar, Bahadurgarh - HSPCB",site_5045
Haryana,Haryana,Ballabgarh,Ballabgarh,"Nathu Colony, Ballabgarh - HSPCB",site_5060
Haryana,Haryana,Bhiwani,Bhiwani,"H.B. Colony, Bhiwani - HSPCB",site_5047
Haryana,Haryana,Charkhi Dadri,Charkhi Dadri,"Mini Secretariat, Charkhi Dadri - HSPCB",site_5339
Haryana,Haryana,Dharuhera,Dharuhera,"Municipal Corporation Office, Dharuhera -  HSPCB",site_5044
Haryana,Haryana,Faridabad,Faridabad,"Sector 30, Faridabad - HSPCB",site_5341
Haryana,Haryana,Faridabad,Faridabad,"Sector- 16A, Faridabad - HSPCB",site_263
Haryana,Haryana,Faridabad,Faridabad,"Sector 11, Faridabad - HSPCB",site_5342
Haryana,Haryana,Faridabad,Faridabad,"New Industrial Town, Faridabad - HSPCB",site_5340
Haryana,Haryana,Fatehabad,Fatehabad,"Huda Sector, Fatehabad - HSPCB",site_5054
Haryana,Haryana,Gurugram,Gurugram,"Teri Gram, Gurugram - HSPCB",site_5344
Haryana,Haryana,Gurugram,Gurugram,"Vikas Sadan, Gurugram - HSPCB",site_146
Haryana,Haryana,Gurugram,Gurugram,"NISE Gwal Pahari, Gurugram - IMD",site_5025
Haryana,Haryana,Gurugram,Gurugram,"Sector-51, Gurugram - HSPCB",site_5345
Haryana,Haryana,Hisar,Hisar,"Urban Estate-II, Hisar - HSPCB",site_5057
Haryana,Haryana,Jind,Jind,"Police Lines, Jind - HSPCB",site_5056
Haryana,Haryana,Kaithal,Kaithal,"Rishi Nagar, Kaithal - HSPCB",site_5072
Haryana,Haryana,Karnal,Karnal,"Sector-12, Karnal - HSPCB",site_5049
Haryana,Haryana,Kurukshetra ,Kurukshetra ,"Sector-7, Kurukshetra - HSPCB",site_5043
Haryana,Haryana,Mandikhera,Mandikhera,"General Hospital, Mandikhera - HSPCB",site_5055
Haryana,Haryana,Manesar,Manesar,"Sector-2 IMT, Manesar - HSPCB",site_5039
Haryana,Haryana,Narnaul,Narnaul,"Shastri Nagar, Narnaul - HSPCB",site_5053
Haryana,Haryana,Palwal ,Palwal ,"Shyam Nagar, Palwal - HSPCB",site_5050
Haryana,Haryana,Panchgaon,Panchgaon,"Amity University, Panchgaon - IITM",site_6011
Haryana,Haryana,Panchkula,Panchkula,"Sector-6, Panchkula - HSPCB ",site_161
Haryana,Haryana,Panipat,Panipat,"Sector-18, Panipat - HSPCB",site_5048
Haryana,Haryana,Rohtak,Rohtak,"MD University, Rohtak - HSPCB",site_147
Haryana,Haryana,Sirsa,Sirsa,"F-Block, Sirsa - HSPCB",site_5051
Haryana,Haryana,Sonipat,Sonipat,"Murthal, Sonipat - HSPCB",site_5041
Haryana,Haryana,Yamuna Nagar,Yamuna Nagar,"Gobind Pura, Yamuna Nagar - HSPCB",site_5046
Himachal Pradesh,Himachal Pradesh,Baddi,Baddi,"HIMUDA Complex Phase-1, Baddi - HPPCB",site_5586
Jammu and Kashmir,Jammu and Kashmir,Srinagar,Srinagar,"Rajbagh, Srinagar - JKSPCB",site_5424
Jharkhand,Jharkhand,Dhanbad,Dhanbad,"Kalakusuma, Dhanbad - DMC",site_5827
Jharkhand,Jharkhand,Dhanbad,Dhanbad,"Sardar Patel Nagar, Dhanbad - JSPCB",site_5710
Jharkhand,Jharkhand,Jorapokhar,Jorapokhar,"Tata Stadium, Jorapokhar - JSPCB",site_254
Jharkhand,Jharkhand,Pathardih,Pathardih,"Mohalbani Ghat, Pathardih - DMC",site_5832
Karnataka,Karnataka,Bagalkot,Bagalkot,"Vidayagiri, Bagalkot - KSPCB",site_5264
Karnataka,Karnataka,Belgaum,Belgaum,"Ramteerth Nagar, Belgaum - KSPCB",site_5432
Karnataka,Karnataka,Bengaluru,Bengaluru,"RVCE-Mailasandra, Bengaluru - KSPCB",site_5678
Karnataka,Karnataka,Bengaluru,Bengaluru,"Jigani, Bengaluru - KSPCB",site_5729
Karnataka,Karnataka,Bengaluru,Bengaluru,"City Railway Station, Bengaluru - KSPCB",site_165
Karnataka,Karnataka,Bengaluru,Bengaluru,"Jayanagar 5th Block, Bengaluru - KSPCB",site_1556
Karnataka,Karnataka,Bengaluru,Bengaluru,"BTM Layout, Bengaluru - CPCB",site_162
Karnataka,Karnataka,Bengaluru,Bengaluru,"Silk Board, Bengaluru - KSPCB",site_1558
Karnataka,Karnataka,Bengaluru,Bengaluru,"Bapuji Nagar, Bengaluru - KSPCB",site_1553
Karnataka,Karnataka,Bengaluru,Bengaluru,"Hebbal, Bengaluru - KSPCB",site_1554
Karnataka,Karnataka,Bengaluru,Bengaluru,"Peenya, Bengaluru - CPCB",site_163
Karnataka,Karnataka,Bengaluru,Bengaluru,"Hombegowda Nagar, Bengaluru - KSPCB",site_1555
Karnataka,Karnataka,Bengaluru,Bengaluru,"BWSSB Kadabesanahalli, Bengaluru - CPCB",site_164
Karnataka,Karnataka,Bengaluru,Bengaluru,"Kasturi Nagar, Bengaluru - KSPCB",site_5681
Karnataka,Karnataka,Bengaluru,Bengaluru,"Shivapura_Peenya, Bengaluru - KSPCB",site_5686
Karnataka,Karnataka,Bengaluru,Bengaluru,"Sanegurava Halli, Bengaluru - KSPCB",site_166
Karnataka,Karnataka,Bidar,Bidar,"Naubad, Bidar - KSPCB",site_5418
Karnataka,Karnataka,Chamarajanagar,Chamarajanagar,"Urban, Chamarajanagar - KSPCB",site_5124
Karnataka,Karnataka,Chikkaballapur,Chikkaballapur,"Chikkaballapur Rural, Chikkaballapur - KSPCB",site_1557
Karnataka,Karnataka,Chikkamagaluru,Chikkamagaluru,"Kalyana Nagara, Chikkamagaluru - KSPCB",site_5265
Karnataka,Karnataka,Davanagere,Davanagere,"Devaraj Urs Badavane, Davanagere - KSPCB",site_5422
Karnataka,Karnataka,Dharwad,Dharwad,"Kalabhavan, Dharwad - KSPCB",site_5638
Karnataka,Karnataka,Gadag,Gadag,"Panchal Nagar, Gadag - KSPCB",site_5419
Karnataka,Karnataka,Hassan,Hassan,"B.Katihalli, Hassan - KSPCB",site_5448
Karnataka,Karnataka,Haveri,Haveri,"Ashwini Nagar, Haveri - KSPCB",site_5420
Karnataka,Karnataka,Hubballi,Hubballi,"Lingaraj Nagar, Hubballi - KSPCB",site_5680
Karnataka,Karnataka,Hubballi,Hubballi,"Deshpande Nagar, Hubballi - KSPCB",site_1447
Karnataka,Karnataka,Kalaburagi,Kalaburagi,"Lal Bahadur Shastri Nagar, Kalaburagi - KSPCB",site_1565
Karnataka,Karnataka,Kalaburagi,Kalaburagi,"Mahatma Basaveswar Colony, Kalaburgi - KSPCB",site_5679
Karnataka,Karnataka,Karwar,Karwar,"KHB Colony, Karwar - KSPCB",site_5853
Karnataka,Karnataka,Kolar,Kolar,"Tamaka Ind. Area, Kolar - KSPCB",site_1551
Karnataka,Karnataka,Koppal,Koppal,"Diwator Nagar, Koppal - KSPCB",site_5415
Karnataka,Karnataka,Madikeri,Madikeri,"Stuart Hill, Madikeri - KSPCB",site_5391
Karnataka,Karnataka,Mangalore,Mangalore,"Kadri, Mangalore - KSPCB",site_5421
Karnataka,Karnataka,Mysuru,Mysuru,"Hebbal 1st Stage, Mysuru - KSPCB",site_5125
Karnataka,Karnataka,Raichur,Raichur,"Haji Colony, Raichur - KSPCB",site_5414
Karnataka,Karnataka,Ramanagara,Ramanagara,"Vijay Nagar, Ramanagara - KSPCB",site_5255
Karnataka,Karnataka,Shivamogga,Shivamogga,"Vinoba Nagara, Shivamogga - KSPCB",site_5266
Karnataka,Karnataka,Tumakuru,Tumakuru,"Thimmalapura, Tumakuru - KSPCB",site_5682
Karnataka,Karnataka,Udupi,Udupi,"Brahmagiri, Udupi - KSPCB",site_5433
Karnataka,Karnataka,Vijayapura,Vijayapura,"Ibrahimpur, Vijayapura - KSPCB",site_5267
Karnataka,Karnataka,Yadgir,Yadgir,"Collector Office, Yadgir - KSPCB",site_5254
Kerala,Kerala,Eloor,Eloor,"Udyogamandal, Eloor - Kerala PCB",site_5105
Kerala,Kerala,Ernakulam,Ernakulam,"Kacheripady, Ernakulam - Kerala PCB",site_5272
Kerala,Kerala,Kannur,Kannur,"Thavakkara, Kannur - Kerala PCB",site_5276
Kerala,Kerala,Kochi,Kochi,"Vyttila, Kochi - Kerala PCB",site_5270
Kerala,Kerala,Kollam,Kollam,"Polayathode, Kollam - Kerala PCB",site_5334
Kerala,Kerala,Kozhikode,Kozhikode,"Palayam, Kozhikode - Kerala PCB",site_5271
Kerala,Kerala,Thiruvananthapuram,Thiruvananthapuram,"Plammoodu, Thiruvananthapuram - Kerala PCB",site_252
Kerala,Kerala,Thiruvananthapuram,Thiruvananthapuram,"Kariavattom, Thiruvananthapuram - Kerala PCB",site_5331
Kerala,Kerala,Thrissur,Thrissur,"Corporation Ground, Thrissur - Kerala PCB",site_5390
Madhya Pradesh,Madhya Pradesh,Bhopal,Bhopal,"Idgah Hills, Bhopal - MPPCB",site_5708
Madhya Pradesh,Madhya Pradesh,Bhopal,Bhopal,"T T Nagar, Bhopal - MPPCB",site_5247
Madhya Pradesh,Madhya Pradesh,Bhopal,Bhopal,"Paryavaran Parisar, Bhopal - MPPCB",site_5650
Madhya Pradesh,Madhya Pradesh,Damoh,Damoh,"Shrivastav Colony, Damoh - MPPCB",site_5040
Madhya Pradesh,Madhya Pradesh,Dewas,Dewas,"Bhopal Chauraha, Dewas - MPPCB",site_1404
Madhya Pradesh,Madhya Pradesh,Gwalior,Gwalior,"Maharaj Bada, Gwalior - MPPCB",site_5661
Madhya Pradesh,Madhya Pradesh,Gwalior,Gwalior,"City Center, Gwalior - MPPCB",site_5273
Madhya Pradesh,Madhya Pradesh,Gwalior,Gwalior,"Phool Bagh, Gwalior - Mondelez Ind. Food",site_5275
Madhya Pradesh,Madhya Pradesh,Gwalior,Gwalior,"Deen Dayal Nagar, Gwalior - MPPCB",site_5667
Madhya Pradesh,Madhya Pradesh,Indore,Indore,"Maguda Nagar, Indore - IMC",site_5856
Madhya Pradesh,Madhya Pradesh,Indore,Indore,"Chhoti Gwaltoli, Indore - MPPCB",site_5248
Madhya Pradesh,Madhya Pradesh,Indore,Indore,"Residency Area, Indore - IMC",site_5854
Madhya Pradesh,Madhya Pradesh,Indore,Indore,"Vijay Nagar Scheme-78, Indore - Glenmark",site_5709
Madhya Pradesh,Madhya Pradesh,Indore,Indore,"Regional Park, Indore - IMC",site_5855
Madhya Pradesh,Madhya Pradesh,Indore,Indore,"Airport Area, Indore - IMC",site_5857
Madhya Pradesh,Madhya Pradesh,Jabalpur,Jabalpur,"Suhagi, Jabalpur - JMC",site_5816
Madhya Pradesh,Madhya Pradesh,Jabalpur,Jabalpur,"Gupteshwar, Jabalpur - JMC",site_5817
Madhya Pradesh,Madhya Pradesh,Jabalpur,Jabalpur,"Govindh Bhavan Colony, Jabalpur - JMC",site_5965
Madhya Pradesh,Madhya Pradesh,Jabalpur,Jabalpur,"Marhatal, Jabalpur - MPPCB",site_5249
Madhya Pradesh,Madhya Pradesh,Katni,Katni,"Gole Bazar, Katni - MPPCB",site_5250
Madhya Pradesh,Madhya Pradesh,Maihar,Maihar,"Sahilara, Maihar - KJS Cements",site_5068
Madhya Pradesh,Madhya Pradesh,Mandideep,Mandideep,"Sector-D Industrial Area, Mandideep - MPPCB",site_1403
Madhya Pradesh,Madhya Pradesh,Pithampur,Pithampur,"Sector-2 Industrial Area, Pithampur - MPPCB",site_1402
Madhya Pradesh,Madhya Pradesh,Ratlam,Ratlam,"Shasthri Nagar, Ratlam - IPCA Lab",site_5042
Madhya Pradesh,Madhya Pradesh,Sagar,Sagar,"Deen Dayal Nagar, Sagar - MPPCB",site_5269
Madhya Pradesh,Madhya Pradesh,Sagar,Sagar,"Civil Lines, Sagar - MPPCB",site_5662
Madhya Pradesh,Madhya Pradesh,Satna,Satna,"Bandhavgar Colony, Satna - Birla Cement",site_1433
Madhya Pradesh,Madhya Pradesh,Singrauli,Singrauli,"Suryakiran Bhawan NCL, Singrauli - MPPCB",site_1401
Madhya Pradesh,Madhya Pradesh,Ujjain,Ujjain,"Mahakaleshwar Temple, Ujjain - MPPCB",site_1400
Maharashtra,Maharashtra,Ahmednagar,Ahmednagar,"Tarakpur, Ahmednagar - MPCB",site_5785
Maharashtra,Maharashtra,Akola,Akola,"Ramdaspeth, Akola - MPCB",site_5784
Maharashtra,Maharashtra,Amravati,Amravati,"Shivneri Colony, Amravati - MPCB",site_5786
Maharashtra,Maharashtra,Amravati,Amravati,"Shri Shivaji Science College, Amaravati - MPCB",site_5787
Maharashtra,Maharashtra,Aurangabad,Aurangabad,"MIDC Chilkalthana, Aurangabad - MPCB",site_5788
Maharashtra,Maharashtra,Aurangabad,Aurangabad,"More Chowk Waluj, Aurangabad - MPCB",site_198
Maharashtra,Maharashtra,Aurangabad,Aurangabad,"Gurdeo Nagar, Aurangabad - BSPCB",site_5544
Maharashtra,Maharashtra,Aurangabad,Aurangabad,"Rachnakar Colony, Aurangabad - MPCB",site_5789
Maharashtra,Maharashtra,Badlapur,Badlapur,"Katrap, Badlapur - MPCB",site_5798
Maharashtra,Maharashtra,Belapur,Belapur,"CBD Belapur, Belapur - MPCB",site_5804
Maharashtra,Maharashtra,Bhiwandi,Bhiwandi,"Gokul Nagar, Bhiwandi - MPCB",site_5813
Maharashtra,Maharashtra,Boisar,Boisar,"Khaira, Boisar - MPCB",site_5809
Maharashtra,Maharashtra,Chandrapur,Chandrapur,"MIDC Khutala, Chandrapur - MPCB",site_295
Maharashtra,Maharashtra,Chandrapur,Chandrapur,"Chauhan Colony, Chandrapur - MPCB",site_271
Maharashtra,Maharashtra,Dhule,Dhule,"Deopur, Dhule - MPCB",site_5801
Maharashtra,Maharashtra,Jalgaon,Jalgaon,"Prabhat Colony, Jalgaon - MPCB",site_5790
Maharashtra,Maharashtra,Jalna,Jalna,"Old MIDC, Jalna - MPCB",site_5791
Maharashtra,Maharashtra,Kalyan,Kalyan,"Pimpleshwar Mandir, Kalyan - MPCB",site_305
Maharashtra,Maharashtra,Kalyan,Kalyan,"Khadakpada, Kalyan - MPCB",site_5118
Maharashtra,Maharashtra,Kolhapur,Kolhapur,"Sinchan Bhavan, Kolhapur - MPCB",site_5769
Maharashtra,Maharashtra,Kolhapur,Kolhapur,"Shivaji University, Kolhapur - MPCB",site_5768
Maharashtra,Maharashtra,Latur,Latur,"Sawe Wadi, Latur - MPCB",site_5780
Maharashtra,Maharashtra,Mahad,Mahad,"Kamble Tarf Birwadi, Mahad - MPCB",site_5783
Maharashtra,Maharashtra,Malegaon,Malegaon,"Mahesh Nagar, Malegaon - MPCB",site_5802
Maharashtra,Maharashtra,Mira-Bhayandar,Mira-Bhayandar,"Bhayandar West, Mira-Bhayandar - MPCB",site_5806
Maharashtra,Maharashtra,Mumbai,Mumbai,"Ghatkopar, Mumbai - BMC",site_5964
Maharashtra,Maharashtra,Mumbai,Mumbai,"Malad West, Mumbai - IITM",site_5402
Maharashtra,Maharashtra,Mumbai,Mumbai,"Mazgaon, Mumbai - IITM",site_5394
Maharashtra,Maharashtra,Mumbai,Mumbai,"Kurla, Mumbai - MPCB",site_5104
Maharashtra,Maharashtra,Mumbai,Mumbai,"Chakala-Andheri East, Mumbai - IITM",site_5399
Maharashtra,Maharashtra,Mumbai,Mumbai,"Shivaji Nagar, Mumbai - BMC",site_5961
Maharashtra,Maharashtra,Mumbai,Mumbai,"Bandra Kurla Complex, Mumbai - MPCB",site_5810
Maharashtra,Maharashtra,Mumbai,Mumbai,"Deonar, Mumbai - IITM",site_5396
Maharashtra,Maharashtra,Mumbai,Mumbai,"Colaba, Mumbai - MPCB",site_5120
Maharashtra,Maharashtra,Mumbai,Mumbai,"Borivali East, Mumbai - MPCB",site_5113
Maharashtra,Maharashtra,Mumbai,Mumbai,"Vile Parle West, Mumbai - MPCB",site_5106
Maharashtra,Maharashtra,Mumbai,Mumbai,"Chembur, Mumbai - MPCB",site_5811
Maharashtra,Maharashtra,Mumbai,Mumbai,"Kandivali West, Mumbai - BMC",site_5962
Maharashtra,Maharashtra,Mumbai,Mumbai,"Kandivali East, Mumbai - MPCB",site_5412
Maharashtra,Maharashtra,Mumbai,Mumbai,"Khindipada-Bhandup West, Mumbai - IITM",site_5397
Maharashtra,Maharashtra,Mumbai,Mumbai,"Borivali East, Mumbai - IITM",site_5400
Maharashtra,Maharashtra,Mumbai,Mumbai,"Bandra Kurla Complex, Mumbai - IITM",site_5392
Maharashtra,Maharashtra,Mumbai,Mumbai,"Chhatrapati Shivaji Intl. Airport (T2), Mumbai - MPCB",site_5107
Maharashtra,Maharashtra,Mumbai,Mumbai,"Sion, Mumbai - MPCB",site_5119
Maharashtra,Maharashtra,Mumbai,Mumbai,"Vasai West, Mumbai - MPCB",site_5102
Maharashtra,Maharashtra,Mumbai,Mumbai,"Bandra, Mumbai - MPCB",site_168
Maharashtra,Maharashtra,Mumbai,Mumbai,"Sewri, Mumbai - BMC",site_5963
Maharashtra,Maharashtra,Mumbai,Mumbai,"Mulund West, Mumbai - MPCB",site_5413
Maharashtra,Maharashtra,Mumbai,Mumbai,"Navy Nagar-Colaba, Mumbai - IITM",site_5398
Maharashtra,Maharashtra,Mumbai,Mumbai,"Worli, Mumbai - MPCB",site_5115
Maharashtra,Maharashtra,Mumbai,Mumbai,"Mindspace-Malad West, Mumbai - MPCB",site_5807
Maharashtra,Maharashtra,Mumbai,Mumbai,"Byculla, Mumbai - BMC",site_5960
Maharashtra,Maharashtra,Mumbai,Mumbai,"Kherwadi_Bandra East, Mumbai - MPCB",site_5814
Maharashtra,Maharashtra,Mumbai,Mumbai,"Powai, Mumbai - MPCB",site_5112
Maharashtra,Maharashtra,Mumbai,Mumbai,"Siddharth Nagar-Worli, Mumbai - IITM",site_5403
Maharashtra,Maharashtra,Nagpur,Nagpur,"Ram Nagar, Nagpur - MPCB",site_5793
Maharashtra,Maharashtra,Nagpur,Nagpur,"Mahal, Nagpur - MPCB",site_5796
Maharashtra,Maharashtra,Nagpur,Nagpur,"Opp GPO Civil Lines, Nagpur - MPCB",site_303
Maharashtra,Maharashtra,Nagpur,Nagpur,"Ambazari, Nagpur - MPCB",site_5792
Maharashtra,Maharashtra,Nanded,Nanded,"Sneh Nagar, Nanded - MPCB",site_5795
Maharashtra,Maharashtra,Nashik,Nashik,"Pandav Nagari, Nashik - MPCB",site_5779
Maharashtra,Maharashtra,Nashik,Nashik,"MIDC Ambad, Nashik - MPCB",site_5781
Maharashtra,Maharashtra,Nashik,Nashik,"Gangapur Road, Nashik - MPCB",site_304
Maharashtra,Maharashtra,Nashik,Nashik,"Hirawadi, Nashik - MPCB",site_5782
Maharashtra,Maharashtra,Navi Mumbai,Navi Mumbai,"Airoli, Navi Mumbai - MPCB",site_261
Maharashtra,Maharashtra,Navi Mumbai,Navi Mumbai,"Tondare-Taloja, Navi Mumbai - MPCB",site_5803
Maharashtra,Maharashtra,Navi Mumbai,Navi Mumbai,"Sanpada, Navi Mumbai - MPCB",site_5815
Maharashtra,Maharashtra,Navi Mumbai,Navi Mumbai,"Mahape, Navi Mumbai - MPCB",site_5114
Maharashtra,Maharashtra,Navi Mumbai,Navi Mumbai,"Kopripada-Vashi, Navi Mumbai - MPCB",site_5805
Maharashtra,Maharashtra,Navi Mumbai,Navi Mumbai,"Sector-19A Nerul, Navi Mumbai - IITM",site_5401
Maharashtra,Maharashtra,Navi Mumbai,Navi Mumbai,"Nerul, Navi Mumbai - MPCB",site_5103
Maharashtra,Maharashtra,Navi Mumbai,Navi Mumbai,"Sector-2E Kalamboli, Navi Mumbai - MPCB",site_5799
Maharashtra,Maharashtra,Parbhani,Parbhani,"Masoom Colony, Parbhani - MPCB",site_5794
Maharashtra,Maharashtra,Pimpri-Chinchwad,Pimpri-Chinchwad,"Park Street Wakad, Pimpri Chinchwad - MPCB",site_5764
Maharashtra,Maharashtra,Pimpri-Chinchwad,Pimpri-Chinchwad,"Savta Mali Nagar, Pimpri-Chinchwad - IITM",site_5998
Maharashtra,Maharashtra,Pimpri-Chinchwad,Pimpri-Chinchwad,"Thergaon, Pimpri Chinchwad - MPCB",site_5765
Maharashtra,Maharashtra,Pimpri-Chinchwad,Pimpri-Chinchwad,"Gavalinagar, Pimpri Chinchwad - MPCB",site_5763
Maharashtra,Maharashtra,Pune,Pune,"Savitribai Phule Pune University, Pune - MPCB",site_5767
Maharashtra,Maharashtra,Pune,Pune,"Bhumkar Nagar, Pune - IITM",site_5988
Maharashtra,Maharashtra,Pune,Pune,"Hadapsar, Pune - IITM",site_5407
Maharashtra,Maharashtra,Pune,Pune,"Karve Road, Pune - MPCB",site_292
Maharashtra,Maharashtra,Pune,Pune,"Revenue Colony-Shivajinagar, Pune - IITM",site_5409
Maharashtra,Maharashtra,Pune,Pune,"Mhada Colony, Pune - IITM",site_5404
Maharashtra,Maharashtra,Pune,Pune,"Alandi, Pune - IITM",site_5405
Maharashtra,Maharashtra,Pune,Pune,"Katraj Dairy, Pune - MPCB",site_5766
Maharashtra,Maharashtra,Pune,Pune,"Bhosari, Pune - IITM",site_5406
Maharashtra,Maharashtra,Pune,Pune,"Dhankawadi, Pune - IITM",site_6012
Maharashtra,Maharashtra,Pune,Pune,"Panchawati_Pashan, Pune - IITM",site_5996
Maharashtra,Maharashtra,Pune,Pune,"Transport Nagar-Nigdi, Pune - IITM",site_5408
Maharashtra,Maharashtra,Pune,Pune,"MIT-Kothrud, Pune - IITM",site_5410
Maharashtra,Maharashtra,Sangli,Sangli,"Vijay Nagar, Sangli - MPCB",site_5774
Maharashtra,Maharashtra,Solapur,Solapur,"Ratandeep Housing Society, Solapur - MPCB",site_5776
Maharashtra,Maharashtra,Solapur,Solapur,"Solapur, Solapur - MPCB",site_302
Maharashtra,Maharashtra,Solapur,Solapur,"Dnyaneshwar Nagar, Solapur - MPCB",site_5777
Maharashtra,Maharashtra,Thane,Thane,"Upvan Fort, Thane - MPCB",site_5800
Maharashtra,Maharashtra,Thane,Thane,"Kasarvadavali, Thane - MPCB",site_5797
Maharashtra,Maharashtra,Ulhasnagar,Ulhasnagar,"Sidhi Vinayak Nagar, Ulhasnagar - MPCB",site_5812
Maharashtra,Maharashtra,Virar,Virar,"Bolinj, Virar - MPCB",site_5808
Manipur,Manipur,Imphal,Imphal,"Manipur University, Imphal - Manipur PCB",site_5591
Manipur,Manipur,Imphal,Imphal,"DM College of Science, Imphal - Manipur PCB",site_5592
Meghalaya,Meghalaya,Shillong,Shillong,"JN Stadium, Shillong - Meghalaya PCB",site_5593
Meghalaya,Meghalaya,Shillong,Shillong,"Lumpyngngad, Shillong - Meghalaya PCB",site_5131
Mizoram,Mizoram,Aizawl,Aizawl,"Sikulpuikawn, Aizawl - Mizoram PCB",site_5346
Nagaland,Nagaland,Kohima,Kohima,"PWD Juction, Kohima - NPCB",site_5375
Odisha,Odisha,Angul,Angul,"Hakimapada, Angul - OSPCB",site_5939
Odisha,Odisha,Balasore,Balasore,"Kalidaspur, Balasore - OSPCB",site_5937
Odisha,Odisha,Barbil,Barbil,"Forest Office, Barbil - OSPCB",site_5938
Odisha,Odisha,Baripada,Baripada,"Meher Colony, Baripada - OSPCB",site_5670
Odisha,Odisha,Bhubaneswar,Bhubaneswar,"Lingraj Mandir, Bhubaneswar - OSPCB",site_5940
Odisha,Odisha,Bhubaneswar,Bhubaneswar,"Patia, Bhubaneswar - OSPCB",site_5943
Odisha,Odisha,Bileipada,Bileipada,"Tata Township, Bileipada - OSPCB",site_5673
Odisha,Odisha,Brajrajnagar,Brajrajnagar,"GM Office, Brajrajnagar - OSPCB",site_1410
Odisha,Odisha,Byasanagar,Byasanagar,"Ferro Chrome Colony, Byasanagar - OSPCB",site_5942
Odisha,Odisha,Cuttack,Cuttack,"CDA Area, Cuttack - OSPCB",site_5941
Odisha,Odisha,Keonjhar,Keonjhar,"Jagamohanpur, Keonjhar - OSPCB",site_5671
Odisha,Odisha,Nayagarh,Nayagarh,"Dabuna, Nayagarh - OSPCB",site_5674
Odisha,Odisha,Rairangpur,Rairangpur,"Divisional Forest Office, Rairangpur - OSPCB",site_5672
Odisha,Odisha,Rourkela,Rourkela,"Raghunathpali, Rourkela - OSPCB",site_5675
Odisha,Odisha,Rourkela,Rourkela,"Fertilizer Township, Rourkela - OSPCB",site_5687
Odisha,Odisha,Rourkela,Rourkela,"Sector-2, Rourkela - OSPCB",site_5688
Odisha,Odisha,Suakati,Suakati,"OMC Colony, Suakati - OSPCB",site_5676
Odisha,Odisha,Talcher,Talcher,"Talcher Coalfields,Talcher - OSPCB",site_1408
Odisha,Odisha,Tensa,Tensa,"Barsua Iron Ore Mines, Tensa - OSPCB",site_5677
Puducherry,Puducherry,Puducherry,Puducherry,"Jawahar Nagar, Puducherry - PPCC",site_5423
Punjab,Punjab,Amritsar,Amritsar,"Golden Temple, Amritsar - PPCB",site_256
Punjab,Punjab,Bathinda,Bathinda,"Hardev Nagar, Bathinda - PPCB",site_1549
Punjab,Punjab,Jalandhar,Jalandhar,"Civil Line, Jalandhar - PPCB",site_1438
Punjab,Punjab,Khanna,Khanna,"Kalal Majra, Khanna - PPCB",site_1450
Punjab,Punjab,Ludhiana,Ludhiana,"Punjab Agricultural University, Ludhiana - PPCB",site_253
Punjab,Punjab,Mandi Gobindgarh,Mandi Gobindgarh,"RIMT University, Mandi Gobindgarh - PPCB",site_255
Punjab,Punjab,Patiala,Patiala,"Model Town, Patiala - PPCB",site_1437
Punjab,Punjab,Rupnagar,Rupnagar,"Ratanpura, Rupnagar - Ambuja Cements",site_1538
Rajasthan,Rajasthan,Ajmer,Ajmer,"Civil Lines,  Ajmer - RSPCB",site_1392
Rajasthan,Rajasthan,Alwar,Alwar,"Moti Doongri, Alwar - RSPCB",site_1390
Rajasthan,Rajasthan,Banswara,Banswara,"Rati Talai, Banswara - RSPCB",site_5711
Rajasthan,Rajasthan,Baran,Baran,"Bamboliya, Baran - RSPCB",site_5775
Rajasthan,Rajasthan,Barmer,Barmer,"Railway Colony, Barmer - RSPCB",site_5714
Rajasthan,Rajasthan,Bharatpur,Bharatpur,"Krishna Nagar, Bharatpur - RSPCB",site_5695
Rajasthan,Rajasthan,Bhilwara,Bhilwara,"Pratap Nagar, Bhilwara - RSPCB",site_5770
Rajasthan,Rajasthan,Bhiwadi,Bhiwadi,"Vasundhara Nagar_UIT, Bhiwadi - RSPCB",site_5982
Rajasthan,Rajasthan,Bhiwadi,Bhiwadi,"RIICO Ind. Area III, Bhiwadi - RSPCB",site_1391
Rajasthan,Rajasthan,Bikaner,Bikaner,"MM Ground, Bikaner - RSPCB",site_5696
Rajasthan,Rajasthan,Bundi,Bundi,"New Colony, Bundi - RSPCB",site_5771
Rajasthan,Rajasthan,Chittorgarh,Chittorgarh,"Shastri Nagar, Chittorgarh - RSPCB",site_5712
Rajasthan,Rajasthan,Churu,Churu,"Subash Chowk, Churu - RSPCB",site_5699
Rajasthan,Rajasthan,Dausa,Dausa,"Khatikan Mohalla, Dausa - RSPCB",site_5713
Rajasthan,Rajasthan,Dholpur,Dholpur,"Raja Ganj, Dholpur - RSPCB",site_5700
Rajasthan,Rajasthan,Dungarpur,Dungarpur,"Bhoiwada, Dungarpur - RSPCB",site_5850
Rajasthan,Rajasthan,Hanumangarh,Hanumangarh,"Housing Board, Hanumangarh - RSPCB",site_5715
Rajasthan,Rajasthan,Jaipur,Jaipur,"Police Commissionerate, Jaipur - RSPCB",site_134
Rajasthan,Rajasthan,Jaipur,Jaipur,"Sector-2 Murlipura, Jaipur - RSPCB",site_5727
Rajasthan,Rajasthan,Jaipur,Jaipur,"RIICO Sitapura, Jaipur - RSPCB",site_5728
Rajasthan,Rajasthan,Jaipur,Jaipur,"Shastri Nagar, Jaipur - RSPCB",site_1396
Rajasthan,Rajasthan,Jaipur,Jaipur,"Mansarovar Sector-12, Jaipur - RSPCB",site_5725
Rajasthan,Rajasthan,Jaipur,Jaipur,"Adarsh Nagar, Jaipur - RSPCB",site_1393
Rajasthan,Rajasthan,Jaisalmer,Jaisalmer,"Sadar Bazar, Jaisalmer - RSPCB",site_5772
Rajasthan,Rajasthan,Jalore,Jalore,"Mudtra Sili, Jalore - RSPCB",site_5851
Rajasthan,Rajasthan,Jhalawar,Jhalawar,"Rajlaxmi Nagar, Jhalawar - RSPCB",site_5724
Rajasthan,Rajasthan,Jhunjhunu,Jhunjhunu,"Indra Nagar, Jhunjhunu - RSPCB",site_5717
Rajasthan,Rajasthan,Jodhpur,Jodhpur,"Samrat Ashok Udhyan, Jodhpur - RSPCB",site_5694
Rajasthan,Rajasthan,Jodhpur,Jodhpur,"Digari Kalan, Jodhpur - RSPCB",site_5726
Rajasthan,Rajasthan,Jodhpur,Jodhpur,"Collectorate, Jodhpur - RSPCB",site_136
Rajasthan,Rajasthan,Jodhpur,Jodhpur,"Mandor, Jodhpur - RSPCB",site_5773
Rajasthan,Rajasthan,Jodhpur,Jodhpur,"Jhalamand, Jodhpur - RSPCB",site_5720
Rajasthan,Rajasthan,Karauli,Karauli,"Satyawati Vihar, Karauli - RSPCB",site_5723
Rajasthan,Rajasthan,Kota,Kota,"Dhanmandi, Kota - RSPCB",site_5707
Rajasthan,Rajasthan,Kota,Kota,"Shrinath Puram, Kota - RSPCB",site_1394
Rajasthan,Rajasthan,Kota,Kota,"Nayapura, Kota - RSPCB",site_5701
Rajasthan,Rajasthan,Nagaur,Nagaur,"Karni Colony, Nagaur - RSPCB",site_5778
Rajasthan,Rajasthan,Pali,Pali,"Indira Colony Vistar, Pali - RSPCB",site_1395
Rajasthan,Rajasthan,Pratapgarh,Pratapgarh,"Pragati Nagar, Pratapgarh - RSPCB",site_5721
Rajasthan,Rajasthan,Rajsamand,Rajsamand,"Dhoinda, Rajsamand - RSPCB",site_5718
Rajasthan,Rajasthan,Sawai Madhopur,Sawai Madhopur,"Sahu Nagar, Sawai Madhopur - RSPCB",site_5716
Rajasthan,Rajasthan,Sikar,Sikar,"Radhakishan Pura, Sikar - RSPCB",site_5722
Rajasthan,Rajasthan,Sirohi,Sirohi,"Vedhaynath Colony, Sirohi - RSPCB",site_5705
Rajasthan,Rajasthan,Sri Ganganagar,Sri Ganganagar,"Old City, Sri Ganganagar - RSPCB",site_5719
Rajasthan,Rajasthan,Tonk,Tonk,"Shastri Nagar, Tonk - RSPCB",site_5702
Rajasthan,Rajasthan,Udaipur,Udaipur,"Ashok Nagar, Udaipur - RSPCB",site_1397
Sikkim,Sikkim,Gangtok,Gangtok,"Zero Point GICI, Gangtok - SSPCB",site_5590
Tamil Nadu,Tamil Nadu,Ariyalur,Ariyalur,"Keelapalur, Ariyalur - TNPCB",site_5606
Tamil Nadu,Tamil Nadu,Chengalpattu,Chengalpattu,"Crescent University, Chengalpattu - TNPCB",site_5605
Tamil Nadu,Tamil Nadu,Chennai,Chennai,"Perungudi, Chennai - TNPCB",site_5363
Tamil Nadu,Tamil Nadu,Chennai,Chennai,"Kodungaiyur, Chennai - TNPCB",site_5365
Tamil Nadu,Tamil Nadu,Chennai,Chennai,"Gandhi Nagar_Ennore, Chennai - TNPCB",site_5618
Tamil Nadu,Tamil Nadu,Chennai,Chennai,"Arumbakkam, Chennai - TNPCB",site_5361
Tamil Nadu,Tamil Nadu,Chennai,Chennai,"Velachery Res. Area, Chennai - CPCB",site_288
Tamil Nadu,Tamil Nadu,Chennai,Chennai,"Manali Village, Chennai - TNPCB",site_5092
Tamil Nadu,Tamil Nadu,Chennai,Chennai,"Manali, Chennai - CPCB",site_306
Tamil Nadu,Tamil Nadu,Chennai,Chennai,"Alandur Bus Depot, Chennai - CPCB",site_293
Tamil Nadu,Tamil Nadu,Chennai,Chennai,"Royapuram, Chennai - TNPCB",site_5364
Tamil Nadu,Tamil Nadu,Coimbatore,Coimbatore,"PSG College of Arts and Science, Coimbatore - TNPCB",site_5623
Tamil Nadu,Tamil Nadu,Coimbatore,Coimbatore,"SIDCO Kurichi, Coimbatore - TNPCB",site_5094
Tamil Nadu,Tamil Nadu,Cuddalore,Cuddalore,"Semmandalam, Cuddalore - TNPCB",site_5611
Tamil Nadu,Tamil Nadu,Cuddalore,Cuddalore,"Kudikadu, Cuddalore - TNPCB",site_5621
Tamil Nadu,Tamil Nadu,Dindigul,Dindigul,"Mendonsa Colony, Dindigul - TNPCB",site_5608
Tamil Nadu,Tamil Nadu,Gummidipoondi,Gummidipoondi,"Anthoni Pillai Nagar, Gummidipoondi - TNPCB",site_5362
Tamil Nadu,Tamil Nadu,Hosur,Hosur,"SIPCOT Phase-1, Hosur - TNPCB",site_5612
Tamil Nadu,Tamil Nadu,Kanchipuram,Kanchipuram,"Kilambi, Kanchipuram - TNPCB",site_5619
Tamil Nadu,Tamil Nadu,Karur,Karur,"Kamadenu Nagar, Karur - TNPCB",site_5627
Tamil Nadu,Tamil Nadu,Madurai,Madurai,"Uchapatti, Madurai - TNPCB",site_5614
Tamil Nadu,Tamil Nadu,Nagapattinam,Nagapattinam,"Velippalayam, Nagapattinam - TNPCB",site_5616
Tamil Nadu,Tamil Nadu,Ooty,Ooty,"Bombay Castel, Ooty - TNPCB",site_5624
Tamil Nadu,Tamil Nadu,Palkalaiperur,Palkalaiperur,"Bharathidasan University, Palkalaiperur - TNPCB",site_5626
Tamil Nadu,Tamil Nadu,Perundurai,Perundurai,"SIPCOT Industrial Park, Perundurai - TNPCB",site_5997
Tamil Nadu,Tamil Nadu,Pudukottai,Pudukottai,"SIPCOT Nathampannai, Pudukottai - TNPCB",site_5978
Tamil Nadu,Tamil Nadu,Ramanathapuram,Ramanathapuram,"Chalai Bazaar, Ramanathapuram - TNPCB",site_5625
Tamil Nadu,Tamil Nadu,Ranipet,Ranipet,"VOC Nagar_SIPCOT, Ranipet - TNPCB",site_5617
Tamil Nadu,Tamil Nadu,Salem,Salem,"Sona College of Technology, Salem - TNPCB",site_5622
Tamil Nadu,Tamil Nadu,Thanjavur,Thanjavur,"Parisutham Nagar, Thanjavur - TNPCB",site_5610
Tamil Nadu,Tamil Nadu,Thoothukudi,Thoothukudi,"Meelavittan, Thoothukudi - TNPCB",site_5367
Tamil Nadu,Tamil Nadu,Tiruchirappalli,Tiruchirappalli,"St Joseph College, Tiruchirappalli - TNPCB",site_5630
Tamil Nadu,Tamil Nadu,Tirunelveli,Tirunelveli,"Municipal Corporation Office, Tirunelveli - TNPCB",site_5609
Tamil Nadu,Tamil Nadu,Tirupur,Tirupur,"Kumaran College, Tirupur - TNPCB",site_5607
Tamil Nadu,Tamil Nadu,Vellore,Vellore,"Vasanthapuram, Vellore - TNPCB",site_5615
Tamil Nadu,Tamil Nadu,Virudhunagar,Virudhunagar,"Collectorate Office, Virudhunagar - TNPCB",site_5979
Telangana,Telangana,Hyderabad,Hyderabad,"Kokapet, Hyderabad - TSPCB",site_5604
Telangana,Telangana,Hyderabad,Hyderabad,"ECIL Kapra, Hyderabad - TSPCB",site_5596
Telangana,Telangana,Hyderabad,Hyderabad,"Somajiguda, Hyderabad - TSPCB",site_5598
Telangana,Telangana,Hyderabad,Hyderabad,"ICRISAT Patancheru, Hyderabad - TSPCB",site_251
Telangana,Telangana,Hyderabad,Hyderabad,"Sanathnagar, Hyderabad - TSPCB",site_294
Telangana,Telangana,Hyderabad,Hyderabad,"IDA Pashamylaram, Hyderabad - TSPCB",site_275
Telangana,Telangana,Hyderabad,Hyderabad,"Kompally Municipal Office, Hyderabad - TSPCB",site_5599
Telangana,Telangana,Hyderabad,Hyderabad,"Ramachandrapuram, Hyderabad - TSPCB",site_5602
Telangana,Telangana,Hyderabad,Hyderabad,"Bollaram Industrial Area, Hyderabad - TSPCB",site_199
Telangana,Telangana,Hyderabad,Hyderabad,"New Malakpet, Hyderabad - TSPCB",site_5595
Telangana,Telangana,Hyderabad,Hyderabad,"Nacharam_TSIIC IALA, Hyderabad - TSPCB",site_5600
Telangana,Telangana,Hyderabad,Hyderabad,"IITH Kandi, Hyderabad - TSPCB",site_5597
Telangana,Telangana,Hyderabad,Hyderabad,"Central University, Hyderabad - TSPCB",site_262
Telangana,Telangana,Hyderabad,Hyderabad,"Zoo Park, Hyderabad - TSPCB",site_298
Tripura,Tripura,Agartala,Agartala,"Kunjaban, Agartala - Tripura SPCB",site_5377
Tripura,Tripura,Agartala,Agartala,"Bardowali, Agartala - Tripura SPCB",site_5587
Uttar Pradesh,Uttar Pradesh,Agra,Agra,"Manoharpur, Agra - UPPCB",site_5464
Uttar Pradesh,Uttar Pradesh,Agra,Agra,"Sanjay Palace, Agra - UPPCB",site_307
Uttar Pradesh,Uttar Pradesh,Agra,Agra,"Shahjahan Garden, Agra - UPPCB",site_5501
Uttar Pradesh,Uttar Pradesh,Agra,Agra,"Rohta, Agra - UPPCB",site_5482
Uttar Pradesh,Uttar Pradesh,Agra,Agra,"Shastripuram, Agra - UPPCB",site_5463
Uttar Pradesh,Uttar Pradesh,Agra,Agra,"Sector-3B Avas Vikas Colony, Agra - UPPCB",site_5465
Uttar Pradesh,Uttar Pradesh,Baghpat,Baghpat,"Sardar Patel Inter College, Baghpat - UPPCB",site_5585
Uttar Pradesh,Uttar Pradesh,Baghpat,Baghpat,"New Collectorate, Baghpat - UPPCB",site_1569
Uttar Pradesh,Uttar Pradesh,Bareilly,Bareilly,"Civil Lines, Bareilly - UPPCB",site_5628
Uttar Pradesh,Uttar Pradesh,Bareilly,Bareilly,"Rajendra Nagar, Bareilly - UPPCB",site_5601
Uttar Pradesh,Uttar Pradesh,Bulandshahr,Bulandshahr,"Yamunapuram, Bulandshahr - UPPCB",site_1542
Uttar Pradesh,Uttar Pradesh,Firozabad,Firozabad,"Vibhab Nagar, Firozabad - UPPCB",site_5584
Uttar Pradesh,Uttar Pradesh,Firozabad,Firozabad,"Nagla Bhau, Firozabad - UPPCB",site_5480
Uttar Pradesh,Uttar Pradesh,Ghaziabad,Ghaziabad,"Sanjay Nagar, Ghaziabad - UPPCB",site_5081
Uttar Pradesh,Uttar Pradesh,Ghaziabad,Ghaziabad,"Vasundhara, Ghaziabad - UPPCB",site_144
Uttar Pradesh,Uttar Pradesh,Ghaziabad,Ghaziabad,"Indirapuram, Ghaziabad - UPPCB",site_5082
Uttar Pradesh,Uttar Pradesh,Ghaziabad,Ghaziabad,"Loni, Ghaziabad - UPPCB",site_5083
Uttar Pradesh,Uttar Pradesh,Gorakhpur,Gorakhpur,"Madan Mohan Malaviya University of Technology, Gorakhpur - UPPCB",site_5472
Uttar Pradesh,Uttar Pradesh,Greater Noida,Greater Noida,"Knowledge Park - III, Greater Noida - UPPCB",site_1541
Uttar Pradesh,Uttar Pradesh,Greater Noida,Greater Noida,"Knowledge Park - V, Greater Noida - UPPCB",site_5121
Uttar Pradesh,Uttar Pradesh,Hapur,Hapur,"Anand Vihar, Hapur - UPPCB",site_5023
Uttar Pradesh,Uttar Pradesh,Jhansi,Jhansi,"Shivaji Nagar, Jhansi - UPPCB",site_5583
Uttar Pradesh,Uttar Pradesh,Kanpur,Kanpur,"FTI Kidwai Nagar, Kanpur - UPPCB",site_5500
Uttar Pradesh,Uttar Pradesh,Kanpur,Kanpur,"IITK, Kanpur - IITK",site_5416
Uttar Pradesh,Uttar Pradesh,Kanpur,Kanpur,"NSI Kalyanpur, Kanpur - UPPCB",site_5474
Uttar Pradesh,Uttar Pradesh,Kanpur,Kanpur,"Nehru Nagar, Kanpur - UPPCB",site_276
Uttar Pradesh,Uttar Pradesh,Khurja,Khurja,"Kalindi Kunj, Khurja - UPPCB",site_5603
Uttar Pradesh,Uttar Pradesh,Lucknow,Lucknow,"Nishant Ganj, Lucknow - UPPCB",site_1405
Uttar Pradesh,Uttar Pradesh,Lucknow,Lucknow,"Gomti Nagar, Lucknow - UPPCB",site_5128
Uttar Pradesh,Uttar Pradesh,Lucknow,Lucknow,"Talkatora District Industries Center, Lucknow - CPCB",site_297
Uttar Pradesh,Uttar Pradesh,Lucknow,Lucknow,"Kukrail Picnic Spot-1, Lucknow - UPPCB",site_5462
Uttar Pradesh,Uttar Pradesh,Lucknow,Lucknow,"Kendriya Vidyalaya, Lucknow - CPCB",site_272
Uttar Pradesh,Uttar Pradesh,Lucknow,Lucknow,"Lalbagh, Lucknow - CPCB",site_277
Uttar Pradesh,Uttar Pradesh,Lucknow,Lucknow,"B R Ambedkar University, Lucknow - UPPCB",site_5460
Uttar Pradesh,Uttar Pradesh,Meerut,Meerut,"Jai Bhim Nagar, Meerut - UPPCB",site_5109
Uttar Pradesh,Uttar Pradesh,Meerut,Meerut,"Pallavpuram Phase 2, Meerut - UPPCB",site_5257
Uttar Pradesh,Uttar Pradesh,Meerut,Meerut,"Ganga Nagar, Meerut - UPPCB",site_5258
Uttar Pradesh,Uttar Pradesh,Moradabad,Moradabad,"Jigar Colony, Moradabad - UPPCB",site_5555
Uttar Pradesh,Uttar Pradesh,Moradabad,Moradabad,"Transport Nagar, Moradabad - UPPCB",site_5613
Uttar Pradesh,Uttar Pradesh,Moradabad,Moradabad,"Kashiram Nagar, Moradabad - UPPCB",site_5620
Uttar Pradesh,Uttar Pradesh,Moradabad,Moradabad,"Employment Office, Moradabad - UPPCB",site_5537
Uttar Pradesh,Uttar Pradesh,Moradabad,Moradabad,"Eco Herbal Park, Moradabad - UPPCB",site_5556
Uttar Pradesh,Uttar Pradesh,Moradabad,Moradabad,"Buddhi Vihar, Moradabad - UPPCB",site_5554
Uttar Pradesh,Uttar Pradesh,Moradabad,Moradabad,"Lajpat Nagar, Moradabad - UPPCB",site_1398
Uttar Pradesh,Uttar Pradesh,Muzaffarnagar,Muzaffarnagar,"New Mandi, Muzaffarnagar - UPPCB",site_1550
Uttar Pradesh,Uttar Pradesh,Noida,Noida,"Sector - 125, Noida - UPPCB",site_153
Uttar Pradesh,Uttar Pradesh,Noida,Noida,"Sector-1, Noida - UPPCB",site_5123
Uttar Pradesh,Uttar Pradesh,Noida,Noida,"Sector-116, Noida - UPPCB",site_5122
Uttar Pradesh,Uttar Pradesh,Noida,Noida,"Sector - 62, Noida - IMD",site_111
Uttar Pradesh,Uttar Pradesh,Prayagraj,Prayagraj,"Motilal Nehru NIT, Prayagraj - UPPCB",site_5459
Uttar Pradesh,Uttar Pradesh,Prayagraj,Prayagraj,"Jhunsi, Prayagraj - UPPCB",site_5461
Uttar Pradesh,Uttar Pradesh,Prayagraj,Prayagraj,"Nagar Nigam, Prayagraj - UPPCB",site_5484
Uttar Pradesh,Uttar Pradesh,Varanasi,Varanasi,"Bhelupur, Varanasi - UPPCB",site_5469
Uttar Pradesh,Uttar Pradesh,Varanasi,Varanasi,"Ardhali Bazar, Varanasi - UPPCB",site_273
Uttar Pradesh,Uttar Pradesh,Varanasi,Varanasi,"Maldahiya, Varanasi - UPPCB",site_5475
Uttar Pradesh,Uttar Pradesh,Varanasi,Varanasi,"IESD Banaras Hindu University, Varanasi - UPPCB",site_5468
Uttar Pradesh,Uttar Pradesh,Vrindavan,Vrindavan,"Omex Eternity, Vrindavan - UPPCB",site_5483
Uttarakhand,Uttarakhand,Dehradun,Dehradun,"Doon University, Dehradun - UKPCB",site_5594
Uttarakhand,Uttarakhand,Kashipur,Kashipur,"Govt. Girls Inter College, Kashipur - UKPCB",site_5704
Uttarakhand,Uttarakhand,Rishikesh,Rishikesh,"Shivaji Nagar, Rishikesh - UKPCB",site_5703
West Bengal,West Bengal,Asansol,Asansol,"Trivenidevi Bhalotia College, Asansol - WBPCB",site_5995
West Bengal,West Bengal,Asansol,Asansol,"Evelyn Lodge, Asansol - WBPCB",site_5985
West Bengal,West Bengal,Asansol,Asansol,"Mahabir Colliery, Asansol - WBPCB",site_5986
West Bengal,West Bengal,Asansol,Asansol,"Asansol Court Area, Asansol - WBPCB",site_1418
West Bengal,West Bengal,Barrackpore,Barrackpore,"SVSPA Campus, Barrackpore - WBPCB",site_5959
West Bengal,West Bengal,Durgapur,Durgapur,"PCBL Residential Complex, Durgapur - WBPCB",site_5983
West Bengal,West Bengal,Durgapur,Durgapur,"Mahishkapur Road_B-Zone, Durgapur - WBPCB",site_6008
West Bengal,West Bengal,Durgapur,Durgapur,"Sidhu Kanhu Indoor Stadium, Durgapur - WBPCB",site_299
West Bengal,West Bengal,Haldia,Haldia,"Priyambada Housing Estate, Haldia - WBPCB",site_300
West Bengal,West Bengal,Howrah,Howrah,"Belur Math, Howrah - WBPCB",site_5101
West Bengal,West Bengal,Howrah,Howrah,"Dasnagar, Howrah - WBPCB",site_6009
West Bengal,West Bengal,Howrah,Howrah,"Padmapukur, Howrah - WBPCB",site_1416
West Bengal,West Bengal,Howrah,Howrah,"Ghusuri, Howrah - WBPCB",site_274
West Bengal,West Bengal,Howrah,Howrah,"Botanical Garden, Howrah - WBPCB",site_5989
West Bengal,West Bengal,Kolkata,Kolkata,"Jadavpur, Kolkata - WBPCB",site_5111
West Bengal,West Bengal,Kolkata,Kolkata,"Ballygunge, Kolkata - WBPCB",site_5238
West Bengal,West Bengal,Kolkata,Kolkata,"Rabindra Sarobar, Kolkata - WBPCB",site_5126
West Bengal,West Bengal,Kolkata,Kolkata,"Rabindra Bharati University, Kolkata - WBPCB",site_296
West Bengal,West Bengal,Kolkata,Kolkata,"Fort William, Kolkata - WBPCB",site_5110
West Bengal,West Bengal,Kolkata,Kolkata,"Victoria, Kolkata - WBPCB",site_309
West Bengal,West Bengal,Kolkata,Kolkata,"Bidhannagar, Kolkata - WBPCB",site_5129
West Bengal,West Bengal,Siliguri,Siliguri,"Ward-32 Bapupara, Siliguri - WBPCB",site_1419
